,index,Ticker,Stock Price,4 Week Change,4 Week Percentile,12 Week Change,12 Week Percentile,26 Week Change,26 Week Percentile,52 Week Change,52 Week Percentile,HQM Score
0,0,MMM,179.3,-0.13584758840686154,N/A,-0.14234354448125697,N/A,0.03134460959402151,N/A,0.11339553484096639,N/A,N/A
1,1,ABT,125.4,-0.10400177530475534,N/A,0.03753108443573313,N/A,0.14616776440194854,N/A,0.39091117102582584,N/A,N/A
2,2,ABBV,106.0,-0.24620613128662938,N/A,-0.045526910354415036,N/A,0.0029714397678228697,N/A,0.11440091685514799,N/A,N/A
3,3,ABMD,322.0,-0.1280937562157913,N/A,0.09632319291428615,N/A,0.8143146649507489,N/A,0.9750713803203201,N/A,N/A
4,4,ACN,257.6,-0.2933613921951185,N/A,-0.15853197461861943,N/A,0.11150073297831739,N/A,0.18882655699931875,N/A,N/A
5,5,ATVI,102.2,-0.1314062476158142,N/A,0.13999998569488525,N/A,0.2984374761581421,N/A,0.5750000476837158,N/A,N/A
6,6,ADBE,488.3,-0.222582879474005,N/A,-0.062196478092950896,N/A,0.2568608785432414,N/A,0.26430231665756815,N/A,N/A
7,7,AMD,88.6,-0.3169198774367819,N/A,-0.04819280800016679,N/A,0.4506722746113082,N/A,0.5641697418375171,N/A,N/A
8,8,AAP,167.5,-0.3771757402810089,N/A,-0.1498455861477436,N/A,0.10289166270150185,N/A,0.16493543447978803,N/A,N/A
9,9,AES,27.8,-0.5403845783521424,N/A,-0.4317307630586904,N/A,-0.13124998280635183,N/A,0.36105771655514485,N/A,N/A
10,10,AFL,47.2,-0.5092250993588212,N/A,-0.3637600067270247,N/A,-0.2740337958903658,N/A,-0.06622644661591023,N/A,N/A
11,11,A,127.6,-0.18342416721636182,N/A,-0.03201324478869091,N/A,0.15722080521686332,N/A,0.5042685351598047,N/A,N/A
12,12,APD,262.6,-0.21076737611075802,N/A,-0.11660140756059274,N/A,0.12627251672163775,N/A,0.03320286291692372,N/A,N/A
13,13,AKAM,99.7,-0.0430669428797682,N/A,-0.04178572792708744,N/A,0.0926382321158483,N/A,-0.025721893948484932,N/A,N/A
14,14,ALK,59.9,-0.6155140923180076,N/A,-0.6000612125834581,N/A,-0.42594859076819924,N/A,-0.047123650585873526,N/A,N/A
15,15,ALB,141.4,-0.2721874544954455,N/A,-0.3668751921303412,N/A,-0.02470569676573851,N/A,0.6559219829469154,N/A,N/A
16,16,ARE,168.3,-0.2120080844811641,N/A,-0.1670815685007661,N/A,0.014758211682957963,N/A,-0.014698884006615036,N/A,N/A
17,17,ALXN,157.5,-0.19543593462649114,N/A,-0.015798739341894415,N/A,-0.0010727580394911565,N/A,0.5165788289288722,N/A,N/A
18,18,ALGN,594.9,-0.46508128837516427,N/A,-0.24367865344107573,N/A,0.08290211438027666,N/A,1.1991633508613329,N/A,N/A
19,19,ALLE,108.3,-0.25544862717909245,N/A,-0.27939934311415593,N/A,-0.20754719530896548,N/A,-0.16010787499192114,N/A,N/A
20,20,LNT,48.6,-0.17794189236905572,N/A,-0.2288064653003429,N/A,-0.08259187836411538,N/A,-0.2004364392794583,N/A,N/A
21,21,ALL,105.0,-0.3880608811598509,N/A,-0.2392677882276328,N/A,-0.23052000077369206,N/A,-0.16207680450847411,N/A,N/A
22,22,GOOGL,2105.8,-0.2806874478864154,N/A,-0.1055577201653601,N/A,0.04493110344726584,N/A,0.376943863862298,N/A,N/A
23,23,GOOG,2117.2,-0.2775417243421378,N/A,-0.10672200831652486,N/A,0.04614163661779646,N/A,0.38401334439201446,N/A,N/A
24,24,MO,43.6,-0.15891135777513735,N/A,-0.20434594145444623,N/A,-0.03336260781271076,N/A,-0.03863042324801702,N/A,N/A
25,25,AMZN,3328.2,-0.15006273884245305,N/A,0.10949328378026868,N/A,0.53613850305326,N/A,0.5094049300733476,N/A,N/A
26,26,AMCR,11.4,-0.3777994565078101,N/A,-0.1148977850613193,N/A,0.05842253174797444,N/A,0.11197658882876912,N/A,N/A
27,27,AEE,74.0,-0.1110203330569912,N/A,-0.1977586004808852,N/A,-0.0514826462009607,N/A,-0.15561523769757957,N/A,N/A
28,28,AAL,17.7,-0.59137146527525,N/A,-0.679059994911507,N/A,-0.5285864793937107,N/A,-0.34479129585372115,N/A,N/A
29,29,AEP,80.4,-0.13772220016005485,N/A,-0.23715568891057265,N/A,-0.21097869753459067,N/A,-0.22758347379800703,N/A,N/A
30,30,AXP,128.4,-0.4600234367310486,N/A,-0.386366990518391,N/A,-0.27273392517652123,N/A,-0.03565672171546414,N/A,N/A
31,31,AIG,42.1,-0.6228915466996702,N/A,-0.48273091117416,N/A,-0.40662651225364277,N/A,-0.14497986981158076,N/A,N/A
32,32,AMT,228.2,-0.1228084136745728,N/A,-0.07239233519826224,N/A,-0.008483440662855524,N/A,-0.08552152679617632,N/A,N/A
33,33,AWK,160.1,-0.052585586745991626,N/A,-0.1531682879916889,N/A,0.04792426573052757,N/A,0.1410050996361118,N/A,N/A
34,34,AMP,214.2,-0.4774649286431717,N/A,-0.317827745151395,N/A,-0.12241264105592314,N/A,0.24910974832167754,N/A,N/A
35,35,ABC,105.2,-0.11975549264249098,N/A,-0.12949342337172928,N/A,0.01077386230890947,N/A,0.09675752704234303,N/A,N/A
36,36,AME,118.9,-0.3470910041436223,N/A,-0.21680758219904106,N/A,0.00248632513587606,N/A,0.20198902975805222,N/A,N/A
37,37,AMGN,232.5,-0.0776987240220558,N/A,0.0713063670721733,N/A,0.060457405111508884,N/A,0.04299092049157013,N/A,N/A
38,38,APH,130.7,-0.3403721505542695,N/A,-0.19699161590518746,N/A,0.04859705872162067,N/A,0.27692598442620675,N/A,N/A
39,39,ADI,158.0,-0.3397832088148387,N/A,-0.1530309491848646,N/A,-0.05877157378938265,N/A,0.31513447642140424,N/A,N/A
40,40,ANSS,389.8,-0.24607167385943376,N/A,-0.14240526726650735,N/A,0.10621730546652029,N/A,0.3447044755137477,N/A,N/A
41,41,ANTM,296.3,-0.2959107130880479,N/A,-0.0702864648925344,N/A,-0.050282365981279144,N/A,0.0035041123043543353,N/A,N/A
42,42,AON,227.2,-0.33461359215385816,N/A,-0.17240647309174137,N/A,-0.18845219697453633,N/A,-0.025562264525917117,N/A,N/A
43,43,AOS,58.1,-0.13679245485106187,N/A,-0.09523813196024798,N/A,0.1165767873617333,N/A,0.33962261402555866,N/A,N/A
44,44,APA,17.6,-0.8446466036013652,N/A,-0.6375087584208141,N/A,-0.49405178177929465,N/A,-0.3694891355539596,N/A,N/A
45,45,AAPL,129.7,-0.22987821551718388,N/A,-0.033593442579216606,N/A,0.5717452758730095,N/A,0.6218545122284693,N/A,N/A
46,46,AMAT,113.4,-0.4099397679997693,N/A,-0.180271098578784,N/A,-0.04006023774525659,N/A,0.7990963304106855,N/A,N/A
47,47,APTV,149.3,-0.6316829444957965,N/A,-0.306729563456899,N/A,-0.06136784018691808,N/A,0.6884401057746202,N/A,N/A
48,48,ADM,55.8,-0.2534478679740421,N/A,-0.22767352021354026,N/A,0.004974027198282929,N/A,0.2688220554534345,N/A,N/A
49,49,ANET,308.8,-0.22463640727839163,N/A,-0.09939549046232099,N/A,-0.04139651742936326,N/A,0.36214304306029227,N/A,N/A
50,50,AJG,118.6,-0.3303133616747794,N/A,-0.20042526275460293,N/A,-0.038365550486533485,N/A,0.11102895756245319,N/A,N/A
51,51,AIZ,122.1,-0.43201243552981416,N/A,-0.37098256378684386,N/A,-0.1263686239562868,N/A,-0.1289821912900418,N/A,N/A
52,52,T,29.2,-0.14918420215425168,N/A,-0.25977727345480556,N/A,-0.22222221673329132,N/A,-0.24889926077274047,N/A,N/A
53,53,ATO,93.0,-0.11230400605590772,N/A,-0.20414328006365615,N/A,-0.1452654466759856,N/A,-0.21529820578376302,N/A,N/A
54,54,ADSK,300.7,-0.31378522000911824,N/A,-0.13935260708820854,N/A,0.21836747124718286,N/A,0.47771808488056805,N/A,N/A
55,55,ADP,172.6,-0.34944960062692965,N/A,-0.25347129635045934,N/A,-0.22188416032726754,N/A,-0.06350617201416434,N/A,N/A
56,56,AZO,1211.2,-0.2531315953398307,N/A,-0.0248864344219962,N/A,0.11769762395235726,N/A,0.11381772042502461,N/A,N/A
57,57,AVB,177.7,-0.32256214388040927,N/A,-0.33145496504148525,N/A,-0.314197653686541,N/A,-0.2163328228485107,N/A,N/A
58,58,AVY,172.5,-0.22892450252187824,N/A,-0.2526138917341144,N/A,-0.15639399247536553,N/A,0.28251808278570567,N/A,N/A
59,59,BKR,23.0,-0.5304937134120953,N/A,-0.3223620472701188,N/A,-0.22991287681906683,N/A,0.13262341681291828,N/A,N/A
60,60,BLL,90.3,-0.15861621106929552,N/A,-0.19007830089595587,N/A,0.008485659775809342,N/A,0.18120111174025397,N/A,N/A
61,61,BAC,34.1,-0.4034432761606696,N/A,-0.37704447532202723,N/A,-0.26284069845413355,N/A,-0.008895195758012672,N/A,N/A
62,62,BK,42.1,-0.3724634719653473,N/A,-0.2921667612780359,N/A,-0.2057604173776392,N/A,-0.07658743172582791,N/A,N/A
63,63,BAX,78.8,-0.09101656396853142,N/A,-0.06597893349161636,N/A,-0.09896840023742454,N/A,-0.15710289598903387,N/A,N/A
64,64,BDX,255.8,-0.07393673556680597,N/A,0.020673894714599066,N/A,0.00587860094258208,N/A,-0.021818093157114173,N/A,N/A
65,65,BRK-B,243.5,-0.24424769327593437,N/A,-0.2508656087676413,N/A,-0.06819475690696446,N/A,0.05995533174541703,N/A,N/A
66,66,BBY,116.7,-0.4125965427962723,N/A,-0.16033936489544046,N/A,0.2767323219509871,N/A,0.2835853324081458,N/A,N/A
67,67,BIO,651.5,-0.12239960502539239,N/A,0.11902608739245887,N/A,0.24959054507898373,N/A,0.5572151425434294,N/A,N/A
68,68,BIIB,275.9,-0.11276146720792819,N/A,-0.06184650195539488,N/A,-0.1784696247491166,N/A,-0.17315234674581317,N/A,N/A
69,69,BLK,703.5,-0.3414238400364669,N/A,-0.12121634935210165,N/A,0.04326894453597421,N/A,0.25257533118937275,N/A,N/A
70,70,BA,208.4,-0.697008446058311,N/A,-0.6356607675513963,N/A,-0.4698762789354567,N/A,-0.35330676219185325,N/A,N/A
71,71,BKNG,2259.7,-0.37402013354024094,N/A,-0.2985423049301997,N/A,-0.06924217260390463,N/A,0.16344734618113374,N/A,N/A
72,72,BWA,43.0,-0.43869136029168376,N/A,-0.20881939520066609,N/A,0.17724037757578875,N/A,0.23926029821706593,N/A,N/A
73,73,BXP,91.6,-0.3996052260833901,N/A,-0.47794719640519046,N/A,-0.4069561779246281,N/A,-0.37217534023039195,N/A,N/A
74,74,BSX,37.5,-0.35905882891486673,N/A,-0.16470588235294117,N/A,-0.08376473819508272,N/A,-0.10517649931066177,N/A,N/A
75,75,BMY,61.0,-0.22909309360074417,N/A,-0.02148224260421669,N/A,-0.04235075033113001,N/A,-0.0701242876051193,N/A,N/A
76,76,AVGO,483.2,-0.457153018954768,N/A,-0.13788638428859817,N/A,0.08006729578169766,N/A,0.5844004880602094,N/A,N/A
77,77,BR,149.2,-0.16872628267391365,N/A,-0.053633173950764945,N/A,0.1399736220812207,N/A,0.23199865439049414,N/A,N/A
78,78,BF-B,76.6,-0.2370370674464039,N/A,-0.08371775314713843,N/A,0.017889569877040396,N/A,0.054227772018559633,N/A,N/A
79,79,CHRW,91.2,-0.13325315773013582,N/A,-0.035284675226095505,N/A,0.29617754280266756,N/A,0.2133119373104824,N/A,N/A
80,80,COG,18.0,0.20521169643310905,N/A,0.2149836583094977,N/A,0.27100975531140664,N/A,0.20912045633221713,N/A,N/A
81,81,CDNS,139.5,-0.2942705101554109,N/A,0.06340128850232321,N/A,0.4457580487781669,N/A,0.8144731901672896,N/A,N/A
82,82,CPB,47.1,0.05739417191946626,N/A,0.10955172514364045,N/A,0.10368656837469052,N/A,-0.029744489604470882,N/A,N/A
83,83,COF,117.0,-0.5721460416713487,N/A,-0.4286266242582175,N/A,-0.34943017177190366,N/A,0.15472277864992728,N/A,N/A
84,84,CAH,51.3,-0.24362790221949474,N/A,-0.21714662908791987,N/A,-0.17576960035962458,N/A,-0.13935780245145762,N/A,N/A
85,85,KMX,120.2,-0.5267909666472675,N/A,-0.262316025090001,N/A,0.06771345851380145,N/A,0.19057897819572983,N/A,N/A
86,86,CCL,22.8,-0.7811764661003562,N/A,-0.7112941068761489,N/A,-0.6202353084788603,N/A,-0.42141176111557904,N/A,N/A
87,87,CTLT,118.2,-0.3715986183270126,N/A,0.19370754000225898,N/A,0.5044217726574044,N/A,1.0066326427671555,N/A,N/A
88,88,CAT,199.9,-0.26882342728489594,N/A,-0.2244942078333432,N/A,0.03468925914023021,N/A,0.5329731606655966,N/A,N/A
89,89,CBOE,99.5,-0.3824798718276645,N/A,-0.19123996697055462,N/A,-0.24537978458312001,N/A,-0.21664088751665106,N/A,N/A
90,90,CBRE,69.8,-0.4423861847356657,N/A,-0.4372056821861365,N/A,-0.2620094543407991,N/A,0.14191518041691348,N/A,N/A
91,91,CDW,156.6,-0.389539959228217,N/A,-0.27879055999334196,N/A,-0.18771703954337546,N/A,0.16283270842280928,N/A,N/A
92,92,CE,131.4,-0.4571166381679477,N/A,-0.3009183086620389,N/A,-0.053627216579031384,N/A,0.24168961731896355,N/A,N/A
93,93,CNC,58.7,-0.19853951597860706,N/A,0.001673405984170371,N/A,-0.08291502052786401,N/A,-0.11805875155811775,N/A,N/A
94,94,CNP,21.8,-0.5151632737192936,N/A,-0.32814925552220825,N/A,-0.21384137429367103,N/A,-0.16679623338680385,N/A,N/A
95,95,CERN,72.5,-0.21952809742630514,N/A,-0.14496158101027665,N/A,-0.056707059393012085,N/A,-0.06713598732034595,N/A,N/A
96,96,CF,43.8,-0.46453901634338846,N/A,-0.37613983165280845,N/A,-0.14969604650297674,N/A,0.1590678533969696,N/A,N/A
97,97,SCHW,61.9,-0.3326472427545097,N/A,-0.31247426375089166,N/A,-0.27706880180818844,N/A,0.27439270304506747,N/A,N/A
98,98,CHTR,616.4,-0.2924594604384136,N/A,-0.07748223458274191,N/A,0.1359557556782552,N/A,0.12623791962945607,N/A,N/A
99,99,CVX,95.0,-0.4986795331847057,N/A,-0.17994713547181493,N/A,-0.20590111203933908,N/A,-0.12758396155468735,N/A,N/A
100,100,CMG,1456.3,-0.49847456528598033,N/A,0.004948269911732977,N/A,0.3386840781476855,N/A,0.5880830142321486,N/A,N/A
101,101,CB,164.7,-0.38823168070774594,N/A,-0.3941158310012591,N/A,-0.23738888860831048,N/A,0.009500478760307282,N/A,N/A
102,102,CHD,83.5,-0.0908137927779995,N/A,-0.04599652233170141,N/A,0.26628227420950634,N/A,0.06735682812336284,N/A,N/A
103,103,CI,205.6,-0.3516174343829159,N/A,-0.1631051057163171,N/A,-0.19386602366666458,N/A,-0.07327257786371419,N/A,N/A
104,104,CINF,94.6,-0.23858365451935803,N/A,-0.5497681207131864,N/A,-0.29075994742168726,N/A,-0.141455585282128,N/A,N/A
105,105,CTAS,340.4,-0.4021498541163465,N/A,-0.2317433747539988,N/A,0.09291223382717066,N/A,0.15381248286781984,N/A,N/A
106,106,CSCO,46.3,-0.20768409517902045,N/A,-0.0640341536330494,N/A,-0.09967979340543451,N/A,-0.024973280833543544,N/A,N/A
107,107,C,63.4,-0.5342623403650171,N/A,-0.46228585122856464,N/A,-0.3472257660899071,N/A,-0.159038637781479,N/A,N/A
108,108,CFG,40.9,-0.6049510011072262,N/A,-0.48040226269198416,N/A,-0.3494069021037299,N/A,0.09618359101722378,N/A,N/A
109,109,CTXS,132.0,0.0914108918045678,N/A,0.22154384821760767,N/A,0.1942795301181149,N/A,0.11198467051282075,N/A,N/A
110,110,CLX,189.6,0.16312358578293892,N/A,0.2560760736663895,N/A,0.3591399608422495,N/A,0.13936775987088074,N/A,N/A
111,111,CME,193.9,-0.3159330085133822,N/A,-0.13626792214133523,N/A,-0.1616746090245589,N/A,-0.06665068265924043,N/A,N/A
112,112,CMS,56.6,-0.11590607045783488,N/A,-0.20731882439466495,N/A,-0.11299018222897128,N/A,-0.18384600479542898,N/A,N/A
113,113,KO,50.7,-0.24899535235486647,N/A,-0.26825184411098135,N/A,-0.19675150301113237,N/A,-0.16091762247017613,N/A,N/A
114,114,CTSH,74.8,-0.3175675260667333,N/A,-0.27055774210276473,N/A,-0.027889518115315735,N/A,0.058654427461960514,N/A,N/A
115,115,CL,78.7,-0.0993879837245005,N/A,-0.10777016642961,N/A,0.05282056144057904,N/A,0.027142006209896447,N/A,N/A
116,116,CMCSA,52.5,-0.22468492068090604,N/A,-0.2229465891823907,N/A,-0.04823992174316909,N/A,0.1321164266814281,N/A,N/A
117,117,CMA,64.2,-0.5677124397860595,N/A,-0.5024436494702785,N/A,-0.36559985046723575,N/A,0.051710527566074006,N/A,N/A
118,118,CAG,34.7,-0.08768403632771544,N/A,0.13219554154052876,N/A,0.28045513373942155,N/A,0.14123157402546005,N/A,N/A
119,119,COP,47.6,-0.6149796252539433,N/A,-0.32184103972785555,N/A,-0.3398437801161371,N/A,-0.1776495025377001,N/A,N/A
120,120,ED,70.0,-0.02516393356667331,N/A,-0.24254601392779906,N/A,-0.21421021086910402,N/A,-0.27912879059821133,N/A,N/A
121,121,STZ,226.1,-0.4180186131742369,N/A,-0.2418162163270657,N/A,-0.12887583429338564,N/A,0.07137376709875734,N/A,N/A
122,122,COO,388.7,-0.2923089645378384,N/A,-0.1642757946994208,N/A,-0.14914180005296263,N/A,0.09491876241553224,N/A,N/A
123,123,CPRT,118.7,-0.3094552894755289,N/A,-0.17451184814353235,N/A,0.036279534106685746,N/A,0.20318598173681396,N/A,N/A
124,124,GLW,37.5,-0.24001416386666008,N/A,-0.2951573033313943,N/A,0.17956867627986528,N/A,0.3453517193914715,N/A,N/A
125,125,CTVA,44.2,-0.3167564173793597,N/A,-0.2613240443379718,N/A,-0.09597715579939115,N/A,0.4402914684905036,N/A,N/A
126,126,COST,356.9,-0.051160168042553605,N/A,-0.07510490417915122,N/A,0.06186749920170088,N/A,0.09469885124968301,N/A,N/A
127,127,CCI,164.9,-0.17174685305189935,N/A,-0.08952638909664115,N/A,-0.035810592188841646,N/A,-0.007126189605730411,N/A,N/A
128,128,CSX,90.0,-0.3664387426453867,N/A,-0.21727776744087243,N/A,-0.0663765884456917,N/A,0.1446861383616593,N/A,N/A
129,129,CMI,241.6,-0.26118953549439866,N/A,-0.06947104445647227,N/A,0.2632838755718394,N/A,0.4765438111328537,N/A,N/A
130,130,CVS,71.5,-0.205170998544964,N/A,-0.13386156159723075,N/A,-0.1121768589887712,N/A,-0.02112877704861008,N/A,N/A
131,131,DHI,78.2,-0.5361804828281754,N/A,-0.2560837966966135,N/A,0.22755840621270026,N/A,0.27655116935380997,N/A,N/A
132,132,DHR,237.4,-0.20042428689723568,N/A,0.008735861745045297,N/A,0.28266569702038474,N/A,0.44290536265618335,N/A,N/A
133,133,DRI,129.9,-0.7169373569686092,N/A,-0.44763006717318987,N/A,-0.3132250825005726,N/A,0.11045735969465732,N/A,N/A
134,134,DVA,100.1,-0.11104549741803808,N/A,-0.07690492638963808,N/A,0.03449495707395375,N/A,0.20578851571100953,N/A,N/A
135,135,DE,300.2,-0.311282651972541,N/A,-0.23536150484434112,N/A,0.23861781118318415,N/A,0.9899897265646745,N/A,N/A
136,136,DAL,44.3,-0.5976361880550317,N/A,-0.6680370194211737,N/A,-0.4895512385775531,N/A,-0.21771159072677038,N/A,N/A
137,137,XRAY,51.9,-0.4300138847280012,N/A,-0.3405292135487371,N/A,-0.24355846445414664,N/A,-0.08147633038068408,N/A,N/A
138,138,DVN,20.5,-0.755756210357394,N/A,-0.47358916260849176,N/A,-0.5133182880981702,N/A,-0.059593666706880294,N/A,N/A
139,139,DXCM,410.8,-0.36808701368191427,N/A,0.3323525661357086,N/A,0.3976066738171274,N/A,0.3848798020468395,N/A,N/A
140,140,FANG,65.1,-0.8017329287200904,N/A,-0.51350664281282,N/A,-0.4896789306326885,N/A,-0.1645005493105499,N/A,N/A
141,141,DLR,137.9,0.007630178010618908,N/A,-0.026265603454867403,N/A,0.12142335055908403,N/A,0.0011004687683493092,N/A,N/A
142,142,DFS,90.2,-0.6437524782445487,N/A,-0.4823855512818822,N/A,-0.30874787232104217,N/A,0.2392135774430848,N/A,N/A
143,143,DISCA,49.7,-0.33689127870868296,N/A,-0.3148765433905279,N/A,-0.2391594458229637,N/A,0.6941294760186215,N/A,N/A
144,144,DISCK,41.9,-0.3832168127844642,N/A,-0.3531468617746465,N/A,-0.27692307589706905,N/A,0.4965034498667757,N/A,N/A
145,145,DISH,33.8,-0.5429268348507765,N/A,-0.39951217465284394,N/A,-0.1565853211937881,N/A,-0.17878053246474848,N/A,N/A
146,146,DG,202.8,-0.10251608442871518,N/A,0.09515479803901584,N/A,0.1966452207617131,N/A,0.21378150514658445,N/A,N/A
147,147,DLTR,107.7,-0.29661018197603445,N/A,-0.18976616830892615,N/A,0.09729671289480601,N/A,0.15747693749134511,N/A,N/A
148,148,D,72.7,-0.10072826738117122,N/A,-0.10778714561996673,N/A,-0.11372550729276086,N/A,-0.20280110335149684,N/A,N/A
149,149,DPZ,377.1,-0.22285347530816693,N/A,0.0076374908230954506,N/A,0.1228159130734814,N/A,-0.004555719236648376,N/A,N/A
150,150,DOV,120.9,-0.41303980355622616,N/A,-0.28171735611664706,N/A,-0.06713155847022109,N/A,0.02713832505490799,N/A,N/A
151,151,DOW,57.5,-0.4577522263289069,N/A,-0.31275636843624244,N/A,-0.0541427292970716,N/A,0.23851520649005514,N/A,N/A
152,152,DTE,120.0,-0.4251586281875577,N/A,-0.26838370860234617,N/A,-0.11929821643604574,N/A,-0.1027995293526366,N/A,N/A
153,153,DUK,89.5,-0.21837722034147164,N/A,-0.18860294977680092,N/A,-0.19678595114284086,N/A,-0.12816720852692962,N/A,N/A
154,154,DRE,41.0,-0.24696141147948705,N/A,-0.21153345707671262,N/A,-0.009050904853731459,N/A,0.05999492162853547,N/A,N/A
155,155,DD,68.8,-0.38991433227879274,N/A,-0.13891530624252169,N/A,0.08258801552041001,N/A,0.32806854288797777,N/A,N/A
156,156,DXC,25.4,-0.6937499823538879,N/A,-0.5016447431369172,N/A,-0.37697365882489126,N/A,-0.15098684901923692,N/A,N/A
157,157,EMN,108.8,-0.4790233324863089,N/A,-0.18764328272079472,N/A,-0.01065696674487491,N/A,0.5097801472505104,N/A,N/A
158,158,ETN,125.1,-0.34519504572809434,N/A,-0.2872501926766958,N/A,-0.021122752168733463,N/A,0.2159848230942284,N/A,N/A
159,159,EBAY,62.8,-0.16954098228913625,N/A,0.1154152944366449,N/A,0.5595648957557265,N/A,0.6444680764279533,N/A,N/A
160,160,ECL,209.8,-0.24128738000279867,N/A,-0.06722890447055677,N/A,-0.04260575536886612,N/A,0.008579343189407201,N/A,N/A
161,161,EIX,55.6,-0.36575270164143486,N/A,-0.25607862539070797,N/A,-0.3230729389657316,N/A,-0.2858251236594413,N/A,N/A
162,162,EW,85.2,-0.2598007922749862,N/A,-0.07036900553872312,N/A,0.009490802259639339,N/A,0.08131327739683536,N/A,N/A
163,163,EA,147.4,-0.1739010841984755,N/A,0.07252752765271331,N/A,0.3033883315813206,N/A,0.33653847094353395,N/A,N/A
164,164,EMR,84.3,-0.42876976801957245,N/A,-0.2588169459008952,N/A,-0.032907459423155455,N/A,0.18647599182398364,N/A,N/A
165,165,ENPH,180.8,-0.5915900734488311,N/A,-0.029962582327873157,N/A,0.24889340337292223,N/A,2.2301668381245534,N/A,N/A
166,166,ETR,93.9,-0.3426397438705692,N/A,-0.2777481578885968,N/A,-0.24960059581829075,N/A,-0.29113729578963043,N/A,N/A
167,167,EOG,60.5,-0.6083695082840528,N/A,-0.3741281390933339,N/A,-0.41663372710541524,N/A,-0.1773917610367945,N/A,N/A
168,168,EFX,177.1,-0.23118375617091055,N/A,-0.10153007578069084,N/A,-0.012698927621746105,N/A,0.09360094961224923,N/A,N/A
169,169,EQIX,685.5,-0.1175989732681855,N/A,0.016764593642117243,N/A,0.1913662352156436,N/A,0.049090756081347074,N/A,N/A
170,170,EQR,66.4,-0.2954861359157185,N/A,-0.33425926571847303,N/A,-0.3528935317128935,N/A,-0.22488425881978744,N/A,N/A
171,171,ESS,264.7,-0.3675446650992535,N/A,-0.3100180779062494,N/A,-0.34028392550532605,N/A,-0.19079443592028877,N/A,N/A
172,172,EL,287.9,-0.2606473590858244,N/A,-0.22302670475731654,N/A,0.005915199492124669,N/A,0.3494226470691024,N/A,N/A
173,173,ETSY,220.8,-0.2783599845476354,N/A,0.5008273243142172,N/A,1.366979351679603,N/A,3.1785255896824887,N/A,N/A
174,174,EVRG,55.2,-0.2154703507364295,N/A,-0.22947250970165292,N/A,-0.31022290154305443,N/A,-0.26277866582255166,N/A,N/A
175,175,ES,82.5,-0.09827497517954202,N/A,-0.19215896068584626,N/A,-0.10214327356615442,N/A,-0.14835339482526852,N/A,N/A
176,176,RE,240.9,-0.3445976052714976,N/A,-0.43833568806843537,N/A,-0.24068346318823006,N/A,-0.16889518584742377,N/A,N/A
177,177,EXC,42.7,-0.33721159625151076,N/A,-0.27582749089025776,N/A,-0.24393179979182542,N/A,-0.16990968235240642,N/A,N/A
178,178,EXPE,156.7,-0.6247739589695865,N/A,-0.4709025085568868,N/A,-0.21535429713123236,N/A,0.30626330252561423,N/A,N/A
179,179,EXPD,94.2,-0.19504440151864072,N/A,-0.03299321350860756,N/A,0.1546309524339052,N/A,0.23810786975015377,N/A,N/A
180,180,EXR,118.3,-0.16158789239019958,N/A,-0.2153573864143736,N/A,-0.009971109115345699,N/A,0.11480756663047367,N/A,N/A
181,181,XOM,52.0,-0.4467090111229077,N/A,-0.29335117264022165,N/A,-0.294687591209245,N/A,-0.12512531911286942,N/A,N/A
182,182,FFIV,199.0,-0.31840422362342985,N/A,0.03214142881065986,N/A,0.025141107899446596,N/A,0.49649972468712306,N/A,N/A
183,183,FB,269.3,-0.31512719983303367,N/A,-0.03621029082933132,N/A,0.26474980115859564,N/A,0.21893930155023408,N/A,N/A
184,184,FAST,47.2,-0.14274729957661944,N/A,-0.008713484074812254,N/A,0.22706305757074177,N/A,0.21040489462216655,N/A,N/A
185,185,FRT,100.8,-0.4321973952954518,N/A,-0.45146889301939397,N/A,-0.3581668677961916,N/A,-0.21887976582391094,N/A,N/A
186,186,FDX,255.6,-0.39554909895330503,N/A,-0.3383663926543149,N/A,0.31829476119546884,N/A,0.5441149338119621,N/A,N/A
187,187,FIS,134.2,-0.3434111286968597,N/A,-0.17227959380748933,N/A,-0.09637709355784782,N/A,-0.16449798116428124,N/A,N/A
188,188,FITB,33.2,-0.6087831006992482,N/A,-0.4525645335074735,N/A,-0.31277237504420696,N/A,0.15789477049506215,N/A,N/A
189,189,FE,34.2,-0.2817146146875933,N/A,-0.22842250669873793,N/A,-0.4533693963026237,N/A,-0.3429233794607982,N/A,N/A
190,190,FRC,161.7,-0.27478972976813487,N/A,-0.18276830393422372,N/A,-0.022091987845867175,N/A,0.41847224894501855,N/A,N/A
191,191,FISV,113.0,-0.33560407599037484,N/A,-0.18483254530485393,N/A,-0.2102757377481964,N/A,-0.0860144126931488,N/A,N/A
192,192,FLT,272.0,-0.36825361462951417,N/A,-0.3020574244661371,N/A,-0.2435489925420923,N/A,-0.1386622380492135,N/A,N/A
193,193,FLIR,55.9,-0.4213782614957665,N/A,-0.2349200634397478,N/A,-0.384774014745749,N/A,-0.04227529029951766,N/A,N/A
194,194,FLS,38.1,-0.5618122948314184,N/A,-0.5042071132954425,N/A,-0.35016177279810484,N/A,-0.15339799416873917,N/A,N/A
195,195,FMC,104.8,-0.44759442987273235,N/A,-0.18173423343608017,N/A,0.004340208853352527,N/A,-0.028072775785630714,N/A,N/A
196,196,F,11.4,-0.43960147576057906,N/A,-0.39103362028677924,N/A,-0.13075962002668626,N/A,0.4420921928749956,N/A,N/A
197,197,FTNT,167.6,-0.35152545217740333,N/A,0.16999997931011654,N/A,0.1276270979541843,N/A,0.4570338362354343,N/A,N/A
198,198,FTV,66.6,-0.4132048735486981,N/A,-0.27386380231305973,N/A,-0.062377932731065545,N/A,0.04560557831835975,N/A,N/A
199,199,FBHS,85.8,-0.49993148282968075,N/A,-0.2925058103710223,N/A,0.17029731016536626,N/A,0.19947945765340974,N/A,N/A
200,200,FOXA,32.1,-0.3967053500126504,N/A,-0.30407773947399,N/A,-0.2714015546411362,N/A,-0.0877666785616273,N/A,N/A
201,201,FOX,31.0,-0.4140667949924948,N/A,-0.31253420334319476,N/A,-0.2597154198327922,N/A,-0.1141215621007435,N/A,N/A
202,202,BEN,26.9,-0.2286716331042905,N/A,-0.2976236605742717,N/A,-0.15971953133167485,N/A,0.07167900845809179,N/A,N/A
203,203,FCX,34.1,-0.560430465536752,N/A,-0.31374172067794875,N/A,0.20529805559384462,N/A,2.1034769797386836,N/A,N/A
204,204,GPS,23.1,-0.548368621831926,N/A,-0.5895821203145084,N/A,-0.11276470468138924,N/A,0.3823698092574867,N/A,N/A
205,205,GRMN,127.6,-0.2815349079397072,N/A,-0.2255284546382378,N/A,0.03837292781022536,N/A,0.28253679629325007,N/A,N/A
206,206,IT,180.7,-0.461890939686373,N/A,-0.2859632038159677,N/A,-0.15037111010425314,N/A,0.18715715115300613,N/A,N/A
207,207,GD,163.2,-0.34869587201949975,N/A,-0.28523793577095946,N/A,-0.17558480469118942,N/A,-0.11384780057209587,N/A,N/A
208,208,GE,11.6,-0.4732641623873734,N/A,-0.5450917852562861,N/A,-0.47086989180096567,N/A,-0.04070225746817197,N/A,N/A
209,209,GIS,58.0,0.06687601811294054,N/A,0.14927023567189376,N/A,0.1847403655639892,N/A,0.04378346360833144,N/A,N/A
210,210,GM,52.1,-0.5239444941564547,N/A,-0.367809609318368,N/A,-0.1411165010028038,N/A,0.48965707937099545,N/A,N/A
211,211,GPC,101.0,-0.33390223805273284,N/A,-0.2872201629861087,N/A,-0.04638091274242916,N/A,0.02760766974349579,N/A,N/A
212,212,GILD,65.2,0.18537310699918377,N/A,0.15268661726766558,N/A,-0.01373131595440765,N/A,-0.03925369034952192,N/A,N/A
213,213,GL,93.5,-0.39672548264360846,N/A,-0.3939366631242191,N/A,-0.2399244775072883,N/A,-0.14267722281263015,N/A,N/A
214,214,GPN,193.7,-0.3545354402519636,N/A,-0.21182905647589093,N/A,-0.17340621520989527,N/A,-0.06854707373361274,N/A,N/A
215,215,GS,309.9,-0.3983585835820462,N/A,-0.25041893975508966,N/A,-0.10909637715704226,N/A,0.35616379887141475,N/A,N/A
216,216,GWW,375.7,-0.23977571660836208,N/A,-0.1072223359278208,N/A,0.12526988960896607,N/A,0.2227270728943152,N/A,N/A
217,217,HAL,19.5,-0.7899772221740436,N/A,-0.5466970631698204,N/A,-0.25785875401738007,N/A,-0.07972664870949404,N/A,N/A
218,218,HBI,17.9,-0.3919837196394515,N/A,-0.42051633300051916,N/A,0.08967395547235092,N/A,0.21331523684520654,N/A,N/A
219,219,HIG,49.4,-0.5480372043314152,N/A,-0.42665292377357616,N/A,-0.288051012904553,N/A,-0.1415289421755491,N/A,N/A
220,220,HAS,91.4,-0.5264967536879073,N/A,-0.34648053659459094,N/A,-0.19154526029638438,N/A,-0.0898057999603253,N/A,N/A
221,221,HCA,174.6,-0.5400040714829604,N/A,-0.33043010086913593,N/A,-0.09270134137437482,N/A,0.1975558327341667,N/A,N/A
222,222,PEAK,29.9,-0.4408688691453503,N/A,-0.40386165201245994,N/A,-0.25073746720066287,N/A,-0.2013944769240999,N/A,N/A
223,223,HSIC,64.5,-0.26378405359085233,N/A,-0.24550201129531227,N/A,-0.047301140357616255,N/A,-0.07501448500146456,N/A,N/A
224,224,HSY,152.9,-0.2748110663435678,N/A,-0.1816251434651146,N/A,-0.07038913390480807,N/A,-0.07032661585105227,N/A,N/A
225,225,HES,60.7,-0.5343016251364497,N/A,-0.3391532810403891,N/A,-0.26097031939247767,N/A,-0.017614328926862967,N/A,N/A
226,226,HPE,13.9,-0.41050452138500926,N/A,-0.36627505825355017,N/A,-0.3351762468533526,N/A,-0.023496900228993874,N/A,N/A
227,227,HLT,114.1,-0.49392856870378765,N/A,-0.3913393020629883,N/A,-0.21071427209036692,N/A,0.04383931841169085,N/A,N/A
228,228,HFC,33.3,-0.4775874229047993,N/A,-0.3520300348542107,N/A,-0.3865290069182009,N/A,-0.141281398064594,N/A,N/A
229,229,HOLX,82.3,-0.4379506563486949,N/A,-0.02447819538618525,N/A,0.23965846082106906,N/A,0.43624290978443775,N/A,N/A
230,230,HD,283.0,-0.36997003404164003,N/A,-0.05076515394716921,N/A,0.16083715909792157,N/A,0.13205412441009018,N/A,N/A
231,231,HON,203.5,-0.3380741415031047,N/A,-0.2969009120229887,N/A,-0.1180409639805596,N/A,0.12650802986399243,N/A,N/A
232,232,HRL,47.4,0.06018013951084738,N/A,0.04502532630617986,N/A,0.1561607907089288,N/A,0.03448275284246481,N/A,N/A
233,233,HST,16.0,-0.45809078846105167,N/A,-0.415599546943646,N/A,-0.3544819583474145,N/A,-0.025611206416862473,N/A,N/A
234,234,HWM,27.8,-0.5347181023681346,N/A,-0.6661721143825063,N/A,-0.4824925774708965,N/A,-0.14896143454347527,N/A,N/A
235,235,HPQ,26.4,-0.4209363953131792,N/A,-0.35909891254166004,N/A,-0.17623674375815088,N/A,0.19699651555028358,N/A,N/A
236,236,HUM,378.3,-0.33534594376717175,N/A,0.039947189181185526,N/A,0.09458475231561456,N/A,0.015957340045736474,N/A,N/A
237,237,HBAN,14.8,-0.4540311454916464,N/A,-0.45473834151723913,N/A,-0.3246110354414099,N/A,0.08203676232298601,N/A,N/A
238,238,HII,178.4,-0.27402913849025395,N/A,-0.27461880823470747,N/A,-0.3169067731169981,N/A,-0.2328784167826886,N/A,N/A
239,239,IEX,193.6,-0.3432423159497594,N/A,-0.1414333609447263,N/A,0.04038480489047788,N/A,0.13348310821828807,N/A,N/A
240,240,IDXX,551.7,-0.2711671842745513,N/A,0.04810793192428041,N/A,0.3523538056811595,N/A,0.9333095799710145,N/A,N/A
241,241,INFO,92.8,-0.3096718411993362,N/A,-0.18349082158447078,N/A,0.018274504924013356,N/A,0.1586274753799332,N/A,N/A
242,242,ITW,199.2,-0.25389476575349507,N/A,-0.18499996787623355,N/A,0.03826318038137336,N/A,0.05999996787623355,N/A,N/A
243,243,ILMN,485.7,-0.30373426446855323,N/A,0.07498502103454044,N/A,0.1611196333583973,N/A,0.6183852213093266,N/A,N/A
244,244,INCY,81.5,-0.19173608506503328,N/A,0.1457050341562209,N/A,0.1361605017463175,N/A,-0.026942078264852364,N/A,N/A
245,245,IR,42.7,-0.502716725625862,N/A,-0.30892631229035206,N/A,-0.08305311183547039,N/A,0.13557561854844902,N/A,N/A
246,246,INTC,61.6,-0.2725744410958259,N/A,-0.09732613314290736,N/A,-0.24919783528014042,N/A,-0.037280347448121864,N/A,N/A
247,247,ICE,113.8,-0.2639428368350473,N/A,-0.02058606347358219,N/A,0.11133282823284678,N/A,0.19052620065203638,N/A,N/A
248,248,IBM,120.7,-0.3152360652303641,N/A,-0.2266234889288516,N/A,-0.16889300826186432,N/A,-0.21313320391986,N/A,N/A
249,249,IP,47.8,-0.27939463997296404,N/A,-0.2649592751098335,N/A,-0.13224680335924277,N/A,0.13969731998648202,N/A,N/A
250,250,IPG,24.8,-0.4103489920048965,N/A,-0.38387487089246775,N/A,-0.26474128763245475,N/A,0.02527072414980299,N/A,N/A
251,251,IFF,137.9,-0.18298287988967765,N/A,-0.05004144447567219,N/A,-0.07385637856239648,N/A,0.05132261235431761,N/A,N/A
252,252,INTU,415.3,-0.25285481801700166,N/A,-0.06961227559590527,N/A,0.10582925878469444,N/A,0.3655225715001228,N/A,N/A
253,253,ISRG,767.5,-0.3422180098978654,N/A,-0.16338605199197676,N/A,0.12526486755314356,N/A,0.2132657022962246,N/A,N/A
254,254,IVZ,21.8,-0.4547975846175671,N/A,-0.6123128394390174,N/A,-0.4120909607440585,N/A,0.24625615405536896,N/A,N/A
255,255,IPGP,232.1,-0.15766303843910826,N/A,0.03655859539846812,N/A,0.07716341841947233,N/A,0.6650813209971863,N/A,N/A
256,256,IQV,187.7,-0.4524186816885885,N/A,-0.19355430967830578,N/A,-0.04812960841879101,N/A,0.1496283517114637,N/A,N/A
257,257,IRM,32.4,-0.24264495737717742,N/A,-0.34051854989508196,N/A,-0.11622491889462902,N/A,-0.06291883329162687,N/A,N/A
258,258,JKHY,152.7,-0.09073713872439292,N/A,0.06173328326953347,N/A,-0.055772157582719625,N/A,-0.13510263909869066,N/A,N/A
259,259,J,112.5,-0.22150346706371724,N/A,-0.2982456205943854,N/A,-0.12408111520318582,N/A,0.10173483296089904,N/A,N/A
260,260,JBHT,146.9,-0.22999273486806093,N/A,-0.10249178553019679,N/A,0.2880138783377994,N/A,0.332848297370433,N/A,N/A
261,261,SJM,116.6,0.07507238816063685,N/A,0.03174748746145969,N/A,0.021979019164575758,N/A,0.028943602101119844,N/A,N/A
262,262,JNJ,165.7,-0.09038207754019714,N/A,-0.004920103468106795,N/A,0.025476841030501535,N/A,0.09847004846776536,N/A,N/A
263,263,JCI,55.6,-0.3768939713787538,N/A,-0.32315343237397254,N/A,-0.029592801854390734,N/A,0.3262310187435829,N/A,N/A
264,264,JPM,145.5,-0.38984656311022253,N/A,-0.363444664002011,N/A,-0.2722380277774541,N/A,0.07658737623528876,N/A,N/A
265,265,JNPR,24.0,-0.24506575490381535,N/A,-0.05756577451060665,N/A,-0.019736823530408253,N/A,-0.014391463234442953,N/A,N/A
266,266,KSU,206.5,-0.3787577488408714,N/A,-0.23788145888486062,N/A,0.0433028076622585,N/A,0.2081036248403407,N/A,N/A
267,267,K,59.5,0.050098995085447594,N/A,-0.030759809645032738,N/A,0.059540182292229404,N/A,-0.11816656826408789,N/A,N/A
268,268,KEY,19.4,-0.5924076093490949,N/A,-0.504495512014486,N/A,-0.38111887812080625,N/A,0.006493464425281191,N/A,N/A
269,269,KEYS,148.0,-0.12654884420405832,N/A,0.00243751641276807,N/A,-0.022039388473725118,N/A,0.44413979040783785,N/A,N/A
270,270,KMB,132.1,-0.0550045168892591,N/A,-0.03924880004868388,N/A,0.10726595059724148,N/A,-0.08117038358838169,N/A,N/A
271,271,KIM,17.8,-0.4852320305819627,N/A,-0.5137130426034908,N/A,-0.37499994970071926,N/A,-0.06803792565766309,N/A,N/A
272,272,KMI,14.7,-0.5512590087704591,N/A,-0.3327337992215376,N/A,-0.3597122339177876,N/A,-0.32733812085849556,N/A,N/A
273,273,KLAC,325.1,-0.21087864994468802,N/A,0.05648533637694334,N/A,0.24542735690142795,N/A,0.9765093090012352,N/A,N/A
274,274,KHC,38.9,-0.13603207628949324,N/A,0.05032819682446626,N/A,0.27972283205517096,N/A,0.36688546454964416,N/A,N/A
275,275,KR,33.8,0.13868364894358956,N/A,0.10073868446875762,N/A,0.2108798032856225,N/A,0.1423774235512205,N/A,N/A
276,276,LB,48.8,-0.5819812156293457,N/A,-0.552519235350288,N/A,0.2651579446730449,N/A,1.149018004572913,N/A,N/A
277,277,LHX,189.2,-0.24937442715622607,N/A,-0.2053619574939778,N/A,-0.1844057359682721,N/A,-0.15509386166469297,N/A,N/A
278,278,LH,242.8,-0.4292674989162631,N/A,-0.13272600965325915,N/A,-0.05158619967331111,N/A,0.3049097403136873,N/A,N/A
279,279,LRCX,577.7,-0.4089926476872824,N/A,-0.18110137904637327,N/A,0.06858656107975132,N/A,0.8216992630964812,N/A,N/A
280,280,LW,77.5,-0.5258112179751496,N/A,-0.42572693454426264,N/A,-0.32932995074330335,N/A,-0.17730722877911842,N/A,N/A
281,281,LVS,58.2,-0.441281154491161,N/A,-0.3226571967451538,N/A,-0.2614175627207705,N/A,-0.10765127333051568,N/A,N/A
282,282,LEG,41.8,-0.4722283446281523,N/A,-0.4018587849509302,N/A,-0.10090722941289537,N/A,-0.04934719207799034,N/A,N/A
283,283,LDOS,105.0,-0.3480338364648479,N/A,-0.19652884607819238,N/A,-0.2386182601282662,N/A,-0.1300410408600241,N/A,N/A
284,284,LEN,86.3,-0.5646909670888773,N/A,-0.3136702683682268,N/A,0.10868648955901819,N/A,0.23131072205458963,N/A,N/A
285,285,LLY,201.1,0.007676030548525528,N/A,0.11535214706205986,N/A,0.05295777656662632,N/A,0.41492956457003743,N/A,N/A
286,286,LNC,53.5,-0.676552512437301,N/A,-0.4674750016376384,N/A,-0.3980009435797325,N/A,-0.08962801106693516,N/A,N/A
287,287,LIN,249.9,-0.287929490597185,N/A,-0.1896473667585896,N/A,0.12527127981991318,N/A,0.13417725291160396,N/A,N/A
288,288,LYV,84.4,-0.6100978248462121,N/A,-0.48202489122617653,N/A,-0.28509123004872083,N/A,0.16428749767568682,N/A,N/A
289,289,LKQ,38.6,-0.5326278834631306,N/A,-0.30805406823105136,N/A,-0.0696649267296686,N/A,0.14021165178071343,N/A,N/A
290,290,LMT,337.9,-0.21729229122554258,N/A,-0.1636030759013439,N/A,-0.07261072983342748,N/A,-0.2125736261555496,N/A,N/A
291,291,L,47.3,-0.3581369355288548,N/A,-0.46019668803010416,N/A,-0.32065316338853284,N/A,-0.10818330084222061,N/A,N/A
292,292,LOW,177.1,-0.4862921956242586,N/A,-0.12783440265614082,N/A,0.3086039763148198,N/A,0.40270201243741405,N/A,N/A
293,293,LUMN,11.7,-0.22812267889614302,N/A,-0.3126402648432775,N/A,-0.14584890246493784,N/A,-0.10695589509468302,N/A,N/A
294,294,LYB,94.9,-0.513257343280929,N/A,-0.36064784773723685,N/A,-0.16508701125534803,N/A,0.2023995567536802,N/A,N/A
295,295,MTB,146.7,-0.364419272247653,N/A,-0.4550817087323693,N/A,-0.375744690656019,N/A,-0.11537779566705471,N/A,N/A
296,296,MRO,9.1,-0.6634146294942717,N/A,-0.4497561105867712,N/A,-0.4682927015351086,N/A,-0.07804879909608423,N/A,N/A
297,297,MPC,51.2,-0.7220378283015222,N/A,-0.48738798124708443,N/A,-0.38914698973469114,N/A,-0.1204779044764581,N/A,N/A
298,298,MKTX,543.6,-0.11387121316581078,N/A,0.4323853666887091,N/A,0.42042949018199227,N/A,0.5966628329291924,N/A,N/A
299,299,MAR,131.9,-0.5654453625396512,N/A,-0.46029690835976744,N/A,-0.333356021309101,N/A,-0.07191499470140511,N/A,N/A
300,300,MMC,117.7,-0.30978821066981366,N/A,-0.09378205658706457,N/A,-0.03809360279058068,N/A,-8.542992888658932e-05,N/A,N/A
301,301,MLM,325.1,-0.4194822724765321,N/A,-0.3451255296794933,N/A,-0.17839427960928322,N/A,0.30323935925853446,N/A,N/A
302,302,MAS,53.9,-0.2596916413935979,N/A,-0.08832603527435319,N/A,0.3011012711343884,N/A,0.20264309777606518,N/A,N/A
303,303,MA,338.4,-0.33827845957867403,N/A,-0.19491947240252405,N/A,-0.002351567803420201,N/A,-0.032747854201024225,N/A,N/A
304,304,MKC,86.4,-0.13916866750248655,N/A,0.07135446689099871,N/A,0.2381126415848054,N/A,0.026918168911803306,N/A,N/A
305,305,MXIM,94.5,-0.28319718434648183,N/A,-0.14512255852960315,N/A,0.10683963056768292,N/A,0.5721608368747957,N/A,N/A
306,306,MCD,215.4,-0.3616328720342538,N/A,-0.1844429878706533,N/A,-0.011437635730538642,N/A,-0.013204371925389148,N/A,N/A
307,307,MCK,177.7,-0.2042394023429452,N/A,-0.242182930706084,N/A,-0.12366784909327339,N/A,0.040051507124848486,N/A,N/A
308,308,MDT,115.3,-0.3453363734766171,N/A,-0.17600562803532438,N/A,-0.12058671423970933,N/A,-0.0046548285302634215,N/A,N/A
309,309,MRK,75.4,-0.13165233230199158,N/A,-0.029579280824340887,N/A,0.035519461523257814,N/A,-0.09916354124150757,N/A,N/A
310,310,MET,54.9,-0.4609793235814842,N/A,-0.39116295587384586,N/A,-0.2612853895631982,N/A,0.07249428087263464,N/A,N/A
311,311,MTD,1150.5,-0.07315427619379282,N/A,-0.08718673013200219,N/A,0.25490142053649273,N/A,0.5428453230405509,N/A,N/A
312,312,MGM,35.0,-0.7792207843909289,N/A,-0.5819418554739313,N/A,-0.3113790861877409,N/A,0.12615949279860889,N/A,N/A
313,313,MCHP,156.1,-0.4640710049485582,N/A,-0.20651063320871682,N/A,-0.006566162050376019,N/A,0.5014335543080185,N/A,N/A
314,314,MU,88.5,-0.41203392158120367,N/A,-0.22491526199599443,N/A,-0.2583051131943525,N/A,0.5416948997368247,N/A,N/A
315,315,MSFT,243.7,-0.23869431032167485,N/A,-0.021093153824266107,N/A,0.15871383018693547,N/A,0.30663704377630957,N/A,N/A
316,316,MAA,137.2,-0.3222748778444548,N/A,-0.2855788840669829,N/A,-0.21672305462574282,N/A,-0.06858490069957986,N/A,N/A
317,317,MHK,166.3,-0.5151672956733024,N/A,-0.4338525741885701,N/A,-0.3030483460357229,N/A,0.28121037670455873,N/A,N/A
318,318,TAP,44.5,-0.26998735112198985,N/A,-0.34506404953144487,N/A,-0.31384225658792575,N/A,-0.1987005658157824,N/A,N/A
319,319,MDLZ,56.1,-0.21155151566371272,N/A,-0.1612466177191393,N/A,-0.017953952521234436,N/A,-0.08011516715597394,N/A,N/A
320,320,MPWR,375.8,-0.23052261892089868,N/A,0.09181793643071999,N/A,0.45664451215811974,N/A,1.1392480996564907,N/A,N/A
321,321,MNST,92.6,-0.20610798042236717,N/A,-0.07684664126208389,N/A,0.18877841800389683,N/A,0.2734374940734019,N/A,N/A
322,322,MCO,278.7,-0.37479826027805613,N/A,-0.08964750757604609,N/A,0.01918458850787239,N/A,0.005558211129510445,N/A,N/A
323,323,MS,74.8,-0.42790697674418604,N/A,-0.2965581139852834,N/A,-0.0256744384765625,N/A,0.413953488372093,N/A,N/A
324,324,MOS,27.6,-0.6204655934224456,N/A,-0.43692474254665026,N/A,0.001624292786184145,N/A,0.5744451004218576,N/A,N/A
325,325,MSI,182.9,-0.20150866339095994,N/A,-0.3140086448929673,N/A,-0.17042027932462103,N/A,-0.015355635828622101,N/A,N/A
326,326,MSCI,437.5,-0.3017002895048309,N/A,0.06322463360834348,N/A,0.13142270959029456,N/A,0.34583946013737893,N/A,N/A
327,327,NDAQ,144.8,-0.20019214426239734,N/A,-0.04375923312355441,N/A,0.14927071609888906,N/A,0.2615075148104816,N/A,N/A
328,328,NTAP,68.0,-0.21262331714034208,N/A,-0.22100165954604037,N/A,-0.21243716331975687,N/A,0.32843045411162725,N/A,N/A
329,329,NFLX,548.2,-0.18272020409144268,N/A,0.14494821815293069,N/A,0.2663471439341807,N/A,0.3995336028578368,N/A,N/A
330,330,NWL,23.6,-0.3886374951956677,N/A,-0.41578681537785256,N/A,-0.17395672150062408,N/A,0.2227250096086646,N/A,N/A
331,331,NEM,57.3,-0.13575881468707665,N/A,0.38544701670837456,N/A,0.35550933506414323,N/A,0.17817047747797904,N/A,N/A
332,332,NWSA,22.6,-0.3209622003488154,N/A,-0.26254299645515,N/A,0.02199310588517984,N/A,0.5463917323057859,N/A,N/A
333,333,NWS,22.5,-0.38851801553228654,N/A,-0.26568756100523644,N/A,-0.008678181891799598,N/A,0.49599469507504235,N/A,N/A
334,334,NEE,80.7,-0.23964913432548418,N/A,-0.16171534941762353,N/A,0.02021443933217144,N/A,0.12767568592947193,N/A,N/A
335,335,NLSN,23.0,-0.2773033742154582,N/A,-0.42247189296765275,N/A,-0.29977528432781775,N/A,0.0507864791355776,N/A,N/A
336,336,NKE,145.0,-0.3363893326285091,N/A,-0.15585678257869817,N/A,0.0907051903099768,N/A,0.3851556223868598,N/A,N/A
337,337,NI,22.8,-0.21464223026122617,N/A,-0.25158068745035655,N/A,-0.23361060661050873,N/A,-0.2399334198844369,N/A,N/A
338,338,NSC,251.7,-0.3793463410029963,N/A,-0.20976235345959984,N/A,0.006688504712483906,N/A,0.22399317758911563,N/A,N/A
339,339,NTRS,96.0,-0.3555988094281193,N/A,-0.29639723190403394,N/A,-0.17955204829562887,N/A,-0.06222005432842234,N/A,N/A
340,340,NOC,297.8,-0.11080523055746731,N/A,-0.1412801302800241,N/A,-0.05183754046046972,N/A,-0.1817206049982794,N/A,N/A
341,341,NLOK,20.7,-0.2010582068831888,N/A,0.006733977079523682,N/A,0.12842703469778022,N/A,-0.015873103247832008,N/A,N/A
342,342,NCLH,25.2,-0.8398268346779664,N/A,-0.77819005151139,N/A,-0.6549165048375726,N/A,-0.44650584806243493,N/A,N/A
343,343,NOV,13.7,-0.64140558992022,N/A,-0.5059271946802902,N/A,-0.48602879288819006,N/A,-0.4060118867706804,N/A,N/A
344,344,NRG,37.9,-0.4367315764490133,N/A,-0.16367825921609927,N/A,-0.1111680340883841,N/A,0.013831990339748421,N/A,N/A
345,345,NUE,56.5,-0.3866248418514955,N/A,-0.21650986679252113,N/A,-0.03824447387071803,N/A,0.21295721559776745,N/A,N/A
346,346,NVDA,593.1,-0.34298672075141845,N/A,0.040557138058275426,N/A,0.6482344588226245,N/A,0.9341107027821314,N/A,N/A
347,347,NVR,4705.9,-0.43377903930331674,N/A,-0.30653305040914325,N/A,0.06744312402675276,N/A,0.16535864414059964,N/A,N/A
348,348,ORLY,458.5,-0.2567437454717483,N/A,0.008654318262868808,N/A,0.17392077600121952,N/A,0.16506405231867338,N/A,N/A
349,349,OXY,25.2,-0.754945323857757,N/A,-0.6797765920878724,N/A,-0.6830346870226081,N/A,-0.40842449722699836,N/A,N/A
350,350,ODFL,211.7,-0.2512404611017986,N/A,-0.015483797828340038,N/A,0.3213052065143512,N/A,0.43301439069741127,N/A,N/A
351,351,OMC,66.7,-0.2887788823624433,N/A,-0.3622746578200036,N/A,-0.3083269545215252,N/A,-0.1412794798918288,N/A,N/A
352,352,OKE,44.8,-0.8017285790616219,N/A,-0.6038441639016836,N/A,-0.6483487950290044,N/A,-0.4089267069270122,N/A,N/A
353,353,ORCL,62.0,-0.1484416882169695,N/A,-0.04683838142204579,N/A,0.009007386328924498,N/A,0.10124307181616224,N/A,N/A
354,354,PCAR,94.8,-0.26198041667563027,N/A,-0.11821551756614035,N/A,0.15038390882540353,N/A,0.26012710203502026,N/A,N/A
355,355,PKG,132.6,-0.08143289423896019,N/A,-0.058123130423000276,N/A,0.006256334572436329,N/A,0.3529768304291977,N/A,N/A
356,356,PH,268.3,-0.5239223409284698,N/A,-0.29826268960966335,N/A,-0.0255945491363772,N/A,0.2993776132129433,N/A,N/A
357,357,PAYX,91.2,-0.2984595269640279,N/A,-0.3003435806337682,N/A,-0.1630278861420082,N/A,0.00022161855616144823,N/A,N/A
358,358,PAYC,401.5,-0.3800470218341367,N/A,-0.185351050502744,N/A,-0.0834595270104622,N/A,0.2893694525057939,N/A,N/A
359,359,PYPL,290.8,-0.2529608849424617,N/A,0.17953118763493445,N/A,0.6244384904604526,N/A,1.3435433530388117,N/A,N/A
360,360,PNR,55.0,-0.4253647402944638,N/A,-0.25005610730473865,N/A,0.04264874429668498,N/A,0.27160499429936086,N/A,N/A
361,361,PBCT,15.3,-0.15351682998897936,N/A,-0.3327217374394096,N/A,-0.34006117981000944,N/A,-0.040978596982376214,N/A,N/A
362,362,PEP,135.3,-0.1669881846351272,N/A,-0.08321852801253331,N/A,-0.05180493305831914,N/A,-0.08714527994032716,N/A,N/A
363,363,PKI,142.6,-0.2795284134834048,N/A,-0.014255110263146232,N/A,0.23494102306497544,N/A,0.4661306410702805,N/A,N/A
364,364,PRGO,42.2,-0.24257673102525698,N/A,-0.12783088162830042,N/A,-0.12195940921532555,N/A,-0.29374269345653675,N/A,N/A
365,365,PFE,34.5,-0.0973500674825585,N/A,0.057740598256377194,N/A,0.08340303652447216,N/A,0.012545565026516372,N/A,N/A
366,366,PM,86.3,-0.25766237591763885,N/A,-0.22278136794411904,N/A,-0.08931844659109867,N/A,-0.022758525132676774,N/A,N/A
367,367,PSX,79.1,-0.5235613698023852,N/A,-0.20445727843711023,N/A,-0.2942676593535918,N/A,-0.08737115721813961,N/A,N/A
368,368,PNW,77.1,-0.35137004579901027,N/A,-0.2875655430598545,N/A,-0.2566029849809073,N/A,-0.2456226639742528,N/A,N/A
369,369,PXD,133.0,-0.6016978815409225,N/A,-0.42320915043455376,N/A,-0.26506699714351356,N/A,-0.060267988574054215,N/A,N/A
370,370,PNC,166.9,-0.433389427756872,N/A,-0.3666494106430847,N/A,-0.28922833966531614,N/A,0.10312019921768084,N/A,N/A
371,371,POOL,330.4,-0.19344148510040318,N/A,-0.06308899045217552,N/A,0.4404613687403964,N/A,0.40327922461683935,N/A,N/A
372,372,PPG,136.2,-0.3890750854887204,N/A,-0.2797419505605521,N/A,0.014410197820943686,N/A,0.14502343724931693,N/A,N/A
373,373,PPL,27.7,-0.3558316982706957,N/A,-0.2872070070634921,N/A,-0.19881386722720418,N/A,-0.2182999032913372,N/A,N/A
374,374,PFG,53.4,-0.5139335600754517,N/A,-0.39942838144328985,N/A,-0.20292963028305422,N/A,-0.015719919173119726,N/A,N/A
375,375,PG,129.5,-0.07212833584090356,N/A,-0.10088484822037655,N/A,0.09424863725080455,N/A,0.004266083960466983,N/A,N/A
376,376,PGR,88.1,-0.10749622965950853,N/A,-0.08782779311919939,N/A,0.13805052161882095,N/A,0.0769421264531619,N/A,N/A
377,377,PLD,105.7,-0.3148054053278851,N/A,-0.1502778734289962,N/A,0.03082368009928468,N/A,0.06417388882626368,N/A,N/A
378,378,PRU,81.9,-0.5075709009779749,N/A,-0.4307954599813927,N/A,-0.26327578121974643,N/A,-0.10322030743417715,N/A,N/A
379,379,PEG,58.5,-0.3534978350078337,N/A,-0.21290973993150047,N/A,-0.08921930976798416,N/A,-0.024163573805367416,N/A,N/A
380,380,PSA,235.0,-0.1457864801560269,N/A,-0.19507151690941119,N/A,-0.07113952233500226,N/A,0.055400628630806754,N/A,N/A
381,381,PHM,45.4,-0.5830297868444843,N/A,-0.40882791439776495,N/A,0.02035570602553812,N/A,-0.005999545538512342,N/A,N/A
382,382,PVH,91.0,-0.6172882015291281,N/A,-0.5254373751650379,N/A,-0.3823664647353444,N/A,0.08172198812122201,N/A,N/A
383,383,QRVO,171.1,-0.28101616385980666,N/A,-0.027077590253125228,N/A,0.29913357240172384,N/A,0.7663450541750128,N/A,N/A
384,384,PWR,75.8,-0.3110096116440591,N/A,-0.21588023127401604,N/A,0.29122282826429524,N/A,0.9596652356228873,N/A,N/A
385,385,QCOM,143.9,-0.31608362812283297,N/A,-0.10729851730346997,N/A,0.2955180739987305,N/A,0.6199843574816841,N/A,N/A
386,386,DGX,121.8,-0.3135412832474339,N/A,-0.02100314776766505,N/A,0.04218364312931216,N/A,0.056628919057286994,N/A,N/A
387,387,RL,110.9,-0.3961103235737271,N/A,-0.45946165750317075,N/A,-0.42351879494383887,N/A,-0.06893157298380448,N/A,N/A
388,388,RJF,116.2,-0.2897491936432362,N/A,-0.3875172906442875,N/A,-0.24471655398504757,N/A,0.16778587305293538,N/A,N/A
389,389,RTX,72.8,-0.47031354934840924,N/A,-0.42906243004343936,N/A,-0.344047214289319,N/A,-0.21281424648777628,N/A,N/A
390,390,O,60.9,-0.4811378574060544,N/A,-0.38493469886852855,N/A,-0.23769996538782956,N/A,-0.25418145011208904,N/A,N/A
391,391,REG,53.4,-0.41008425919838715,N/A,-0.43006556801475665,N/A,-0.35919449263928943,N/A,-0.1757726935789222,N/A,N/A
392,392,REGN,477.0,0.21511244726286832,N/A,0.43022489452573665,N/A,0.4901287711158787,N/A,0.17845863069251366,N/A,N/A
393,393,RF,19.6,-0.5550181544062057,N/A,-0.4353083654415201,N/A,-0.30229750162712743,N/A,0.23155983746715186,N/A,N/A
394,394,RSG,91.7,-0.23436241639667063,N/A,-0.19299842970870137,N/A,-0.08111380844170314,N/A,-0.08605736654890829,N/A,N/A
395,395,RMD,199.8,-0.1377840909090909,N/A,-0.07409087094393643,N/A,0.0023863532326438212,N/A,0.14306814020330255,N/A,N/A
396,396,RHI,76.8,-0.33547076976872287,N/A,-0.2472156281830048,N/A,-0.05180559874752272,N/A,0.32348974901467065,N/A,N/A
397,397,ROK,244.1,-0.3738249520854248,N/A,-0.06965078769569763,N/A,0.12410499259914162,N/A,0.20904972324446258,N/A,N/A
398,398,ROL,36.5,-0.0738053708492621,N/A,0.007255416545459126,N/A,0.3832874462582946,N/A,0.3438829226783698,N/A,N/A
399,399,ROP,395.5,-0.25192057053668215,N/A,-0.06906075064927635,N/A,0.1254134070398403,N/A,0.012760068154147899,N/A,N/A
400,400,ROST,120.2,-0.5156287666323393,N/A,-0.3173411008019214,N/A,-0.2786527799071532,N/A,-0.03925370088188186,N/A,N/A
401,401,RCL,75.1,-0.7966302431414316,N/A,-0.6798724904469282,N/A,-0.4132058423094524,N/A,-0.2816939840210744,N/A,N/A
402,402,SPGI,338.4,-0.36363336903658255,N/A,-0.010843441235331753,N/A,0.18651328451553534,N/A,0.11809098625557338,N/A,N/A
403,403,CRM,247.0,-0.31609430556608836,N/A,-0.1363260267229249,N/A,0.07809270819120613,N/A,0.2751344475605784,N/A,N/A
404,404,SBAC,262.8,-0.10912951203215539,N/A,-0.031492869795151035,N/A,0.032143169047719536,N/A,-0.10392638675140371,N/A,N/A
405,405,SLB,25.5,-0.6438072852933336,N/A,-0.5240910579351337,N/A,-0.4221106065943404,N/A,-0.22790424399988635,N/A,N/A
406,406,STX,72.4,-0.2147944898910174,N/A,-0.1220091379940782,N/A,-0.16694062812143265,N/A,0.3358903998109304,N/A,N/A
407,407,SEE,42.8,-0.4977103627117804,N/A,-0.1594160848998358,N/A,0.18746431909561756,N/A,0.24957073736223173,N/A,N/A
408,408,SRE,124.2,-0.35955968530381727,N/A,-0.24735757835219774,N/A,-0.2033898102896097,N/A,-0.22090186897024217,N/A,N/A
409,409,NOW,575.8,-0.21187736800027807,N/A,0.042188428707033154,N/A,0.26962090724728055,N/A,0.6170736570545029,N/A,N/A
410,410,SHW,726.7,-0.3102657622857962,N/A,-0.06596703905202816,N/A,0.14951710981280553,N/A,0.2274173951653194,N/A,N/A
411,411,SPG,106.5,-0.6803529598011852,N/A,-0.6331744134003723,N/A,-0.5125595915817261,N/A,-0.22130505048223767,N/A,N/A
412,412,SWKS,187.9,-0.3863829917096077,N/A,-0.07787235341173537,N/A,0.21063829787234042,N/A,0.6354893461186835,N/A,N/A
413,413,SLG,60.0,-0.4720688016267701,N/A,-0.5816694975641483,N/A,-0.47068819328894373,N/A,-0.35899148716647133,N/A,N/A
414,414,SNA,191.5,-0.30590810402459034,N/A,-0.22544544074147319,N/A,-0.06683340197165118,N/A,0.21888096551170175,N/A,N/A
415,415,SO,59.8,-0.19896862735154974,N/A,-0.2157283782448698,N/A,-0.24280185562269238,N/A,-0.1504082015830147,N/A,N/A
416,416,LUV,51.9,-0.3826834848325583,N/A,-0.5648050354005121,N/A,-0.35177378402502024,N/A,-0.07253244385363755,N/A,N/A
417,417,SWK,171.9,-0.5166306673500244,N/A,-0.3554458810168521,N/A,-0.010367219394829187,N/A,0.0803455972062057,N/A,N/A
418,418,SBUX,104.9,-0.36422118734564146,N/A,-0.16264104154498168,N/A,-0.11196386388023262,N/A,0.16670434003195908,N/A,N/A
419,419,STT,74.7,-0.4194376482853991,N/A,-0.29772754921591293,N/A,-0.11490559787360378,N/A,-0.07651815549076431,N/A,N/A
420,420,STE,181.8,-0.27038269746884364,N/A,-0.10333966909790525,N/A,-0.09008797107249847,N/A,0.06209886512982212,N/A,N/A
421,421,SYK,245.1,-0.38076357979197145,N/A,-0.20087315049977345,N/A,-0.15935316112593237,N/A,0.07849599065072035,N/A,N/A
422,422,SIVB,522.2,-0.44418187614973415,N/A,-0.3600945629035234,N/A,-0.07913884286101806,N/A,0.9956424068889326,N/A,N/A
423,423,SYF,36.6,-0.5859096148062873,N/A,-0.49256837085208366,N/A,-0.2494054560604473,N/A,0.131985806241498,N/A,N/A
424,424,SNPS,270.9,-0.26341241934355525,N/A,0.01773278287032696,N/A,0.3784498436190604,N/A,0.7285917214281196,N/A,N/A
425,425,SYY,74.9,-0.5927519209494861,N/A,-0.3745274395140978,N/A,-0.2242211050478426,N/A,0.0,N/A,N/A
426,426,TMUS,123.0,-0.25306532970025913,N/A,-0.04613061646121231,N/A,0.15839198126864792,N/A,0.2070351605439306,N/A,N/A
427,427,TROW,160.0,-0.21293742312584935,N/A,-0.18273562359912213,N/A,-0.013140792400161782,N/A,0.18171916495632126,N/A,N/A
428,428,TTWO,196.2,-0.07391639633330481,N/A,0.14244768450554293,N/A,0.4987406164177179,N/A,0.6925215431164842,N/A,N/A
429,429,TPR,37.9,-0.5362721310539865,N/A,-0.5692467866206475,N/A,-0.46789308546054126,N/A,0.3696633049618805,N/A,N/A
430,430,TGT,191.4,-0.1305598018138037,N/A,0.014205989132661207,N/A,0.2957889626675139,N/A,0.596651479058035,N/A,N/A
431,431,TEL,128.5,-0.42875588810768517,N/A,-0.24827809028664422,N/A,0.01894104790047959,N/A,0.4229445095371539,N/A,N/A
432,432,TDY,408.5,-0.48698203287773956,N/A,-0.19742441442085745,N/A,-0.19336985274130192,N/A,0.035088639499653344,N/A,N/A
433,433,TFX,403.8,-0.3624466323474907,N/A,-0.1301123455978495,N/A,-0.03514928650985795,N/A,0.015792505868337716,N/A,N/A
434,434,TER,136.5,-0.31978198968407856,N/A,-0.0957431147214164,N/A,0.3122698061398814,N/A,1.1003092888469241,N/A,N/A
435,435,TSLA,787.3,-0.5983811511096132,N/A,-0.10682560241559175,N/A,1.239468028281547,N/A,3.343402738221458,N/A,N/A
436,436,TXN,176.5,-0.23937020558685,N/A,-0.16064503347137854,N/A,0.072640168579035,N/A,0.3565832847610114,N/A,N/A
437,437,TXT,49.0,-0.45853452997732885,N/A,-0.49674577417969795,N/A,-0.17509972633972717,N/A,0.06676464904185267,N/A,N/A
438,438,TMO,488.8,-0.098434764067681,N/A,0.0036600934216029874,N/A,0.24906270551417753,N/A,0.42492408745575516,N/A,N/A
439,439,TJX,68.3,-0.3604196155117168,N/A,-0.29951460111686357,N/A,-0.16377014653825028,N/A,0.05980904295294245,N/A,N/A
440,440,TSCO,171.3,-0.26757573599767204,N/A,0.07909092758641098,N/A,0.5507071138632418,N/A,0.7307070337160669,N/A,N/A
441,441,TT,149.5,-0.2671742249342646,N/A,-0.3085783278825241,N/A,0.04984504982848086,N/A,0.3591839338114132,N/A,N/A
442,442,TDG,576.5,-0.612514203480732,N/A,-0.47906419689437746,N/A,-0.2298839791280398,N/A,-0.05331694875412056,N/A,N/A
443,443,TRV,147.6,-0.39028209399610253,N/A,-0.32661588223831567,N/A,-0.1424092760867161,N/A,0.08904320282880966,N/A,N/A
444,444,TRMB,72.5,-0.5378278950537361,N/A,-0.24387599695452705,N/A,0.13136781743502673,N/A,0.5822674219320527,N/A,N/A
445,445,TFC,55.8,-0.48797687594164774,N/A,-0.42035797184462437,N/A,-0.30121134394795296,N/A,0.041041410258576605,N/A,N/A
446,446,TWTR,72.2,-0.4366197073028156,N/A,-0.26862996097481584,N/A,0.03687586349655061,N/A,0.8509603122014731,N/A,N/A
447,447,TYL,470.9,-0.2043931576551256,N/A,-0.0003590947925318877,N/A,0.01753646542776528,N/A,0.4181230538948132,N/A,N/A
448,448,TSN,67.6,-0.4393401193632283,N/A,-0.2492386096920029,N/A,-0.19352795969665992,N/A,-0.14314728390660614,N/A,N/A
449,449,UDR,41.9,-0.29962548590769006,N/A,-0.31204411904592716,N/A,-0.31933768793851064,N/A,-0.16775080619600685,N/A,N/A
450,450,ULTA,318.9,-0.5735049915897913,N/A,-0.33307890202747353,N/A,-0.2616313708635207,N/A,0.06786358417586487,N/A,N/A
451,451,USB,49.0,-0.3978102105942637,N/A,-0.43120437025090197,N/A,-0.3293795527072482,N/A,-0.08722625631104429,N/A,N/A
452,452,UAA,22.2,-0.48181817025849316,N/A,-0.532727270415335,N/A,-0.3793939532655658,N/A,0.38242421005711413,N/A,N/A
453,453,UA,18.5,-0.5053547473864121,N/A,-0.5374832636216964,N/A,-0.38487283544170475,N/A,0.26907627958488994,N/A,N/A
454,454,UNP,207.0,-0.3725190531030837,N/A,-0.16881130035670958,N/A,0.049945496003012485,N/A,0.13991278362087914,N/A,N/A
455,455,UAL,44.9,-0.7324490278943101,N/A,-0.7459642309253689,N/A,-0.5454886994074067,N/A,-0.3989488602404973,N/A,N/A
456,456,UNH,328.4,-0.28156755684432916,N/A,-0.0381293461260767,N/A,0.022208954246966423,N/A,0.07430570061441208,N/A,N/A
457,457,UPS,161.1,-0.0678061701078354,N/A,-0.13889932803579566,N/A,0.5059166139017051,N/A,0.5077008661239775,N/A,N/A
458,458,URI,274.7,-0.5531081698409429,N/A,-0.2546879228821669,N/A,0.13646288102632503,N/A,0.8623812451336398,N/A,N/A
459,459,UHS,127.4,-0.5166035632972236,N/A,-0.3467113893136825,N/A,-0.20674139256310828,N/A,-0.07398415125804647,N/A,N/A
460,460,UNM,25.0,-0.6082337363229904,N/A,-0.5411686816149518,N/A,-0.3764940184801307,N/A,-0.1497343991772818,N/A,N/A
461,461,VLO,67.8,-0.5839372553214054,N/A,-0.2941665541186676,N/A,-0.3466793052782141,N/A,-0.150172266420602,N/A,N/A
462,462,VAR,176.1,-0.2395395731367912,N/A,-0.21389677288250258,N/A,0.19073548474499827,N/A,0.2156200261945863,N/A,N/A
463,463,VTR,51.6,-0.7280448894489756,N/A,-0.5540064223850343,N/A,-0.32227564292624933,N/A,-0.16041669697842972,N/A,N/A
464,464,VRSN,201.0,-0.21553620053958278,N/A,0.028221607309738096,N/A,-0.00841860962110965,N/A,-0.0531426420170972,N/A,N/A
465,465,VRSK,192.0,-0.2023732150824469,N/A,-0.0914458087784294,N/A,0.09280359689087872,N/A,0.1245646506850691,N/A,N/A
466,466,VZ,56.9,-0.06489930190843216,N/A,-0.054742645839606065,N/A,0.025477699059196758,N/A,-0.028232043128603366,N/A,N/A
467,467,VRTX,209.8,-0.13104859068184185,N/A,0.13015093064914784,N/A,0.09110561410118762,N/A,-0.15536516068046105,N/A,N/A
468,468,VFC,79.5,-0.31777591743721373,N/A,-0.3399214187785574,N/A,-0.21443022937145287,N/A,-0.042743141197759564,N/A,N/A
469,469,VIAC,62.1,-0.5831341872142396,N/A,-0.41413454042211467,N/A,-0.05633326986357997,N/A,1.1403208148578612,N/A,N/A
470,470,VTRS,18.2,-0.322503578670794,N/A,-0.27281414022411393,N/A,-0.21978023480163028,N/A,-0.129957055950472,N/A,N/A
471,471,V,209.3,-0.29780090862860903,N/A,-0.14447861665959594,N/A,-0.023835390678045174,N/A,-0.03178056901248392,N/A,N/A
472,472,VNO,36.1,-0.516334773755452,N/A,-0.4553516025764281,N/A,-0.4248599576419046,N/A,-0.42050403379912044,N/A,N/A
473,473,VMC,160.6,-0.4358199838119062,N/A,-0.28669264747475964,N/A,-0.08189112355102458,N/A,0.2105457913709122,N/A,N/A
474,474,WRB,67.1,-0.3500704255564293,N/A,-0.3928525462896682,N/A,-0.21083641794306168,N/A,-0.13052392059996143,N/A,N/A
475,475,WAB,72.0,-0.47970570315654115,N/A,-0.3386605554091094,N/A,-0.16400295885816873,N/A,-0.06189748199002179,N/A,N/A
476,476,WMT,137.6,0.04154982826245583,N/A,0.04868719184870293,N/A,0.11589768975014948,N/A,0.17546090125000455,N/A,N/A
477,477,WBA,48.9,0.018122276089510878,N/A,-0.25101215974308044,N/A,-0.23385381729710417,N/A,-0.05802965844448747,N/A,N/A
478,478,DIS,183.0,-0.36738614988464324,N/A,-0.24549399910079997,N/A,-0.06896055433855315,N/A,0.30832799234027675,N/A,N/A
479,479,WM,113.4,-0.1740427524074875,N/A,-0.21660622398671742,N/A,-0.09302701033157144,N/A,-0.10012096326315931,N/A,N/A
480,480,WAT,280.8,-0.18648200727990422,N/A,-0.17051623347309675,N/A,-0.010674482858750396,N/A,0.2962179348835694,N/A,N/A
481,481,WEC,83.4,0.020900472725901686,N/A,-0.172673116618489,N/A,-0.09913078998323605,N/A,-0.18712761155316412,N/A,N/A
482,482,WFC,36.9,-0.4059991392354022,N/A,-0.4917617366203765,N/A,-0.48267850248877975,N/A,-0.20088716288297961,N/A,N/A
483,483,WELL,67.5,-0.6225857476975948,N/A,-0.541695050089898,N/A,-0.34764825768181334,N/A,-0.22301747332507177,N/A,N/A
484,484,WST,296.7,-0.16415211147173497,N/A,0.22531606190444659,N/A,0.570862796668434,N/A,0.6400651878372331,N/A,N/A
485,485,WDC,68.7,-0.5773240433538758,N/A,-0.41587023488725816,N/A,-0.4998551674401381,N/A,-0.0026064337031442915,N/A,N/A
486,486,WU,23.5,-0.18679248162035672,N/A,-0.3064151260088075,N/A,-0.09735848768702093,N/A,-0.09773585481463738,N/A,N/A
487,487,WRK,42.9,-0.421701573263967,N/A,-0.37780517837402455,N/A,-0.2286066269994588,N/A,0.08384714154991858,N/A,N/A
488,488,WY,33.8,-0.47359897770564685,N/A,-0.43699388764907454,N/A,-0.053773945890244604,N/A,0.13346293253083408,N/A,N/A
489,489,WHR,190.9,-0.40313923890495773,N/A,-0.2758250754060319,N/A,0.21666221260422225,N/A,0.31030315225820965,N/A,N/A
490,490,WMB,22.2,-0.5804988516982323,N/A,-0.1614512285315145,N/A,-0.016779997491468832,N/A,0.026757377460414945,N/A,N/A
491,491,WLTW,222.9,-0.2498806973914827,N/A,-0.03742241688730608,N/A,-0.07112168924336217,N/A,0.07389019440352775,N/A,N/A
492,492,WYNN,119.8,-0.6773419345461703,N/A,-0.4127353035592587,N/A,-0.34905872854107645,N/A,-0.07252679844104687,N/A,N/A
493,493,XEL,62.3,-0.1315975587664196,N/A,-0.17645390871802202,N/A,-0.0036789941074342283,N/A,-0.12169235456270625,N/A,N/A
494,494,XRX,23.3,-0.5655247397335064,N/A,-0.5815660452934641,N/A,-0.47525829587780355,N/A,-0.3567155891062697,N/A,N/A
495,495,XLNX,137.5,-0.1712885298652259,N/A,-0.059026651049307266,N/A,0.14121840044421957,N/A,0.5448268771526444,N/A,N/A
496,496,XYL,96.8,-0.26133549336003475,N/A,-0.33510040234599137,N/A,-0.08188587679173732,N/A,0.12497173182946092,N/A,N/A
497,497,YUM,105.3,-0.4157119762981227,N/A,-0.19813229312475297,N/A,-0.07037648016456634,N/A,0.012130494594382776,N/A,N/A
498,498,ZBRA,477.6,-0.23586848925541612,N/A,-0.08631343458668057,N/A,0.13459959320792778,N/A,1.0226598548629657,N/A,N/A
499,499,ZBH,156.8,-0.4909400999802799,N/A,-0.29225330572576935,N/A,-0.13624598721013093,N/A,-0.010859279167441777,N/A,N/A
500,500,ZION,50.0,-0.40605406890044343,N/A,-0.40454052074535474,N/A,-0.2856216018264358,N/A,0.11783785433382601,N/A,N/A
501,501,ZTS,167.9,-0.26283526683959607,N/A,-0.12204809404388514,N/A,0.09202362364503179,N/A,0.11459419434711571,N/A,N/A
